{
  "judul": "Anies Unggah Foto Nonton One Piece Bareng Keluarga- Seru Juga Ya",
  "penulis": "Gibran Maulana - detikNews",
  "waktu": "Senin, 07 Agu 2023 12:45 WIB",
  "link": "https://news.detik.com/pemilu/d-6862831/anies-unggah-foto-nonton-one-piece-bareng-keluarga-seru-juga-ya",
  "content": "Bakal calon presiden Anies Baswedan mengunggah momen menonton anime One Piece. Anies menonton serial tersebut bersama keluarga besarnya. Anies mengunggah momen menonton One Piece di akun media sosialnya yakni Instagram dan Twitter pada Senin (7/8/2023). Anies menonton One Piece dengan istrinya, Fery Farhati dan sang putri Mutiara Baswedan beserta suami. Anies, istrinya, dan Mutiara duduk di sofa menyaksikan One Piece di televisi. Layar televisi Anies memperlihatkan momen Monkey D. Luffy, karakter utama serial anime tersebut, dalam mode Gear 5 yang merupakan salah satu kekuatannya. Mantan gubernur DKI Jakarta itu mengaku menonton One Piece karena mengikuti rekomendasi dari anak-anaknya dan juga netizen. Anies menyebut serial One Piece yang ditontonnya seru. \"Mengikuti saran anak2 dan netizen soal rekomendasi film. Seru juga ya...,\" kata Anies Baswedan dalam keterangan fotonya. Untuk diketahui, episode anime One Piece Gear 5 memang baru tayang pada 6 Agustus kemarin. Serial petualangan sang kapten bajak laut ini masih berkelanjutan dan menjadi salah satu yang dinanti-nanti penggemarnya.  Simak juga Video 'Anies Bertemu Anak Muda di Bandung, Singgung Pasal Karet UU ITE':   ",
  "crawltime": "2023-08-08T06:53:46.211Z",
  "runtime": "32.54 s"
}