{
  "judul": "Ditanya Pilih AHY atau Khofifah, Anies Respons Begini",
  "penulis": "Eka Rimawati - detikNews",
  "waktu": "Senin, 07 Agu 2023 16:56 WIB",
  "link": "https://news.detik.com/pemilu/d-6863479/ditanya-pilih-ahy-atau-khofifah-anies-respons-begini",
  "content": "Bacapres NasDem Anies Baswedan masih belum mengungkap sosok cawapres yang akan mendampinginya di 2024. Ketika diajukan sosok Ketum Demokrat Agus Harimurti Yudhoyono (AHY) atau Gubernur Jawa Timur Khofifah Indar Parawansa, Anies hanya tersenyum. \"Jadi saat ini (bacawapres) sedang dalam proses, begitu sudah sampai pada waktunya (akan) diumumkan,\" jawab Anies dilansir detikJatim, Senin (7/8/2023). Anies kemudian ditanya soal dua pilihan nama antara Agus Harimurti Yudhoyono (AHY) atau Khofifah. Anies hanya membalas dengan senyuman. \"Ahhhh bisa aja,\" jawab Anies singkat lalu tertawa kecil. Untuk diketahui, Anies sendiri sempat bertemu dengan sejumlah pengusaha di Banyuwangi dan KH Hisyam Syafaat, tokoh NU Banyuwangi. Pertemuan tersebut berlangsung sekitar setengah jam. Ditanya terkait dengan pertemuan itu, Anies menyebut bahwa dirinya sowan ke KH Hisyam untuk meminta doa. \"Dalam kesempatan ini, saya mohon doa agar bisa dimudahkan dan diringankan amanah yang besar ini kepada saya,\" tuturnya. Baca berita lengkapnya di sini.  Simak juga 'Anies Bertemu Anak Muda di Bandung, Singgung Pasal Karet UU ITE':   ",
  "crawltime": "2023-08-08T06:53:03.950Z",
  "runtime": "39.28 s"
}