{
  "judul": "FX Rudy Nilai Gibran Layak Maju Gubernur, Ini Alasannya",
  "penulis": "Tim detikJateng - detikNews",
  "waktu": "Senin, 07 Agu 2023 12:38 WIB",
  "link": "https://news.detik.com/pemilu/d-6862819/fx-rudy-nilai-gibran-layak-maju-gubernur-ini-alasannya",
  "content": "Ketua DPC PDIP Kota Solo FX Hadi Rudyatmo menyebut Wali Kota Solo Gibran Rakabuming Raka layak maju sebagai gubernur di 2024. Dia membeberkan sejumlah alasannya. \"Langkah Mas Gibran positif, tentunya mau melangkah ke Gubernur juga layak dan kalau Mbak Mega (Megawati Soekarnoputri) memberikan rekomendasi hukumnya wajib untuk memenangkan dan melaksanakan,\" terang FX Rudy saat ditemui di kediamannya seperti dilansir detikJateng, Senin (7/8/2023). Selain itu, Rudy juga menyampaikan kelayakan Gibran untuk melenggang ke kursi gubernur karena sudah sesuai aturan yakni segi pendidikan dan kepemimpinan di Kota Solo. Namun, dia menyerahkan keputusan itu kepada Gibran. \"Tinggal bagaimana Mas Gibran mau meneruskan ke dua kali jadi wali kota atau mau menuju yang lebih atas itu hak Mas Gibran sendiri. Tergantung Mas Gibran mau ke mana, karena Mas Gibran yang punya pikiran itu kan Mas Gibran, apakah mau melanjutkan Gubernur itu hak Mas Gibran sendiri, kita nggak bisa membaca pikiran dan hati Mas Gibran,\" ujarnya. Sementara itu, mengenai adanya dukungan Gibran dua periode yang diberikan oleh politikus PKS Kota Solo, Rudy menyebut bahwa itu hak setiap partai. Namun, ia mengembalikan keputusan tersebut ke Gibran. \"Ya nggak papa to ya, tergantung Mas Wali, kalau Mas Wali masih mau melanjutkan dua periode tentunya nantinya proses PDIP itu dilakukan dan disampaikan ke DPP partai,\" jelasnya. Baca berita lengkapnya di sini.",
  "crawltime": "2023-08-08T06:53:45.521Z",
  "runtime": "31.79 s"
}