{
  "judul": "FX Rudy Nilai Layak Jadi Gubernur, Gibran- Saya Bukan Siapa-siapa",
  "penulis": "Tara Wahyu NV - detikNews",
  "waktu": "Senin, 07 Agu 2023 15:57 WIB",
  "link": "https://news.detik.com/pemilu/d-6863329/fx-rudy-nilai-layak-jadi-gubernur-gibran-saya-bukan-siapa-siapa",
  "content": "Ketua DPC PDIP Solo, FX Hadi Rudyatmo, menyebut Wali Kota Solo Gibran Rakabuming Raka layak maju sebagai gubernur di 2024. Gibran berkata sebaliknya. \"Nggak, nggak, saya tidak layak (jadi gubernur) masih harus banyak belajar juga, saya itu bukan siapa-siapa,\" kata Gibran di Balai Kota Solo seperti dilansir detikJateng, Senin (7/8/2023). Putra sulung Presiden Jokowi ini menyebut masih banyak yang lebih berpendidikan tinggi darinya dan lebih layak menjadi gubernur. Selain itu, kata Gibran, yang mempunyai pengalaman pemimpin daerah juga lebih banyak dari dirinya. \"Pendidikan yang lebih tinggi banyak, yang lebih pintar banyak. Yang pengalaman lebih banyak juga banyak,\" ucapnya. Dia juga mengaku belum menentukan langkah ke depan. Menurutnya, sampai saat ini belum ada tugas dari partai untuk dirinya ke depan. \"Nggak ada langkah, ya kalau ditugasi to, ini belum dapat tugas partai,\" pungkasnya. Baca berita lengkapnya di sini.  Simak juga 'Ditanya Maju Cagub DKI atau Jateng, Gibran: Saya Nggak Mikir Itu':   ",
  "crawltime": "2023-08-08T06:53:01.349Z",
  "runtime": "36.64 s"
}