{
  "judul": "Jeje 'Govinda' Adik Ipar Raffi Ahmad Gabung PAN",
  "penulis": "Lisye Sri Rahayu - detikNews",
  "waktu": "Senin, 07 Agu 2023 09:54 WIB",
  "link": "https://news.detik.com/pemilu/d-6862439/jeje-govinda-adik-ipar-raffi-ahmad-gabung-pan",
  "content": "Adik ipar Raffi Ahmad, Ritchie Ismail atau akrab disapa Jeje 'Govinda', bergabung dengan PAN. Bergabungnya Jeje ke partai pimpinan Zulkifli Hasan itu akan diumumkan hari ini. Saat dikonfirmasi, Putri Zulkifli Hasan tidak langsung membeberkan siapa sosok baru yang akan bergabung dengan PAN. Dia mempersilakan wartawan datang ke jumpa pers di Kantor DPP PAN. \"Datang aja,\" kata Putri, Senin (7/8/2023). Sebelumnya, Ketua DPW PAN DKI Eko Hendro Purnomo atau Eko Patrio menyebut keluarga Raffi Ahmad akan bergabung dengan PAN. \"Jeje juga (akan gabung PAN),\" kata Eko Patrio saat dihubungi pada Minggu (6/8/2023). Diketahui, Raffi Ahmad berkunjung ke Kantor DPP PAN usai sebelumnya mengunjungi kediaman Ketua Umum PAN Zulkifli Hasan atau Zulhas. Apa yang saja yang dibahas? Momen kedatangan Raffi ke kantor DPP PAN diunggah oleh anak Zulhas, Putri Zulkifli Hasan, melalui akun Instagram-nya, Sabtu (5/8/2023). Selain Putri, kedatangan Raffi Ahmad juga disambut oleh putri Zulhas lainnya, Zita Anjani. Zita Anjani enggan merinci terkait tujuan kedatangan Raffi Ahmad ke DPP PAN saat itu. Namun, Zita menyebut PAN akan memberikan surprise pada Senin (hari ini). \"Senin di DPP PAN pukul 10.00, ada surprise,\" ujar Zita saat dikonfirmasi detikcom.  Simak Video 'Safari 'Politik' Raffi Ahmad yang Akrab dengan Sejumlah Ketum Parpol':   ",
  "crawltime": "2023-08-08T06:54:35.957Z",
  "runtime": "31.77 s"
}