{
  "judul": "Ketua Relawan Ganjarian Spartan Bengkulu Mundur, Singgung 'Berisik'",
  "penulis": "Firda Cynthia Anggrainy - detikNews",
  "waktu": "Selasa, 08 Agu 2023 10:57 WIB",
  "link": "https://news.detik.com/pemilu/d-6864566/ketua-relawan-ganjarian-spartan-bengkulu-mundur-singgung-berisik",
  "content": "Ketua Ganjarian Spartan Bengkulu, Dedi Ruskam, mengundurkan diri. Dia mundur sejak 6 Agustus lalu. \"Pada tanggal 6 Agustus saya benar telah mengundurkan diri dari ketua relawan Ganjar Spartan Provinsi Bengkulu. Saya Dedi Ruskam pemegang mandat sebagai Ketua Ganjarian Spartan Provinsi Bengkulu yang di-SK-kan oleh Ketum Ganjarian pusat Saudara Guntur Romli menyatakan mengundurkan diri sebagai ketua Ganjarian Provinsi Bengkulu,\" kata Dedi dalam keterangannya kepada wartawan, Selasa (8/8/2023). Dedi mengatakan dirinya berperan aktif sebagai Ganjarian selama sekitar satu tahun. Namun, menurutnya, tidak pernah ada konsolidasi, pertemuan dan aktivitas antara daerah dan pusat untuk memperkuat relawan di Bengkulu. \"Sebab selama hampir dalam satu tahun ini berjalan, tidak pernah ada konsolidasi, pertemuan, dan aktivitas apapun yang dilakukan oleh Ganjarian Pusat untuk memperkuat Ganjarian Spartan di Bengkulu,\" katanya. Dedi tidak ingin relawan menjadi tidak manfaat. Dengan demikian, dia memutuskan hengkang dari kelompok relawan Ganjarian Spartan. \"Daripada hanya menjadi organisasi relawan sekadar nama tanpa ada koordinasi apapun dari pusat dan tidak memberi manfaat, lebih baik saya mundur dengan teman-teman Ganjarian Di Bengkulu. Cuma berisik di media, tidak ada aktivitas konkret,\" ujar dia.  Simak Video 'Relawan Desa Asal Jambi Siap Menangkan Ganjar di Pilpres 2024':   ",
  "crawltime": "2023-08-08T06:50:46.920Z",
  "runtime": "33.09 s"
}