{
  "judul": "Khohifah Tunggu Green Light dari PBNU soal Arah Politik 2024",
  "penulis": "Faiq Azmi - detikNews",
  "waktu": "Senin, 07 Agu 2023 12:42 WIB",
  "link": "https://news.detik.com/pemilu/d-6862824/khohifah-tunggu-green-light-dari-pbnu-soal-arah-politik-2024",
  "content": "Gubernur Jawa Timur Khofifah Indar Parawansa belum juga menentukan arah politik untuk Pemilu 2024. Dia menyebut menunggu lampu hijau dari Pengurus Besar Nahdlatul Ulama (PBNU). \"Nanti saja (soal ke Pilgub/Pilpres), karena saya menjadi bagian dari ekosistem itu. Nanti akan ada green light (lampu hijau), katakan (dari) PBNU dan ulama-ulama,\" kata Khofifah dilansir detikJateng, Senin (7/8/2023). Khofifah mengatakan dirinya sangat sering melakukan konsolidasi dengan para ulama, terutama terkait langkah politiknya ke depan. Baginya, restu ulama terpenting, apalagi dirinya orang Jawa Timur. \"Selama ini kan konsolidasi di antara ulama kan berjalan dengan baik. Tidak hanya persoalan politik, tapi persoalan bahtsul masail itu luar biasa. Jadi koordinasi-koordinasi secara kultural itu menjadi penting,\" jelasnya. Saat ditanya kapan Khofifah akan menentukan langkah politiknya, Ketum PP Muslimat NU ini menunggu momentum yang tepat untuk mengumumkannya. \"Pasti timing-nya akan ada,\" ujar dia. Baca berita lengkapnya di sini.",
  "crawltime": "2023-08-08T06:53:44.761Z",
  "runtime": "31.18 s"
}