{
  "judul": "Prabowo Mania 08 Deklarasi di Sumut, Hashim hingga Iwan Bule Hadir",
  "penulis": "Gibran Maulana - detikNews",
  "waktu": "Senin, 07 Agu 2023 12:11 WIB",
  "link": "https://news.detik.com/pemilu/d-6862751/prabowo-mania-08-deklarasi-di-sumut-hashim-hingga-iwan-bule-hadir",
  "content": "Relawan pendukung Prabowo Subianto untuk Pilpres 2024, Prabowo Mania 08, mendeklarasikan dan melantik pengurus wilayah Sumatera Utara (Sumut). Wakil Ketua Dewan Pembina Gerindra Hashim Djojohadikusumo dan M Iriawan atau Iwan Bule hadir. Deklarasi Prabowo Mania 08 Sumut digelar di Hotel Danau Toba, Medan, Minggu (6/8). Selain Hashim dan Iwan Bule, turut hadir Ketua Umum DPP Prabowo Mania 08 Immanuel Ebenezer hingga Ketua Gerindra Sumut Gus Irawan Pasaribu dan tokoh masyarakat setempat. Dalam keterangan tertulis yang diterima, Senin (7/8/2023), Hashim menyampaikan sambutan dengan menyebut Prabowo memiliki sejumlah gagasan terkait kemajuan Indonesia, salah satunya terkait pembangunan rumah sakit bertaraf internasional. Prabowo juga disebut akan membuat gerakan untuk menjaga kecerdasan anak-anak bangsa dengan makanan bergizi. \"Dan tentu banyak lagi yang terkait kepentingan bangsa Indonesia secara menyeluruh,\" kata Hashim. Sementara itu, Immanuel Ebenezer atau Noel menyebut Prabowo merupakan sosok yang tepat untuk memimpin bangsa. \"Pribadinya sudah tuntas, sosok pemberani, gagasannya jelas, loyalitas untuk kepentingan NKRI tidak perlu diragukan dan totalitas dalam bekerja,\" kata Noel. Selanjutnya, Iwan Bule menyampaikan dirinya sudah lama mengenal pribadi Prabowo. Dia mengaku setuju dengan pendapat soal Prabowo sosok yang ikhlas.",
  "crawltime": "2023-08-08T06:53:44.514Z",
  "runtime": "30.86 s"
}