{
  "judul": "Puan Maharani Bertemu Jokowi di Istana, Bahas Apa",
  "penulis": "Eva Safitri - detikNews",
  "waktu": "Senin, 07 Agu 2023 20:13 WIB",
  "link": "https://news.detik.com/pemilu/d-6863885/puan-maharani-bertemu-jokowi-di-istana-bahas-apa",
  "content": "Ketua DPR Puan Maharani mengunggah foto tengah ngobrol bersama Presiden Joko Widodo (Jokowi). Lokasi pertemuan keduanya itu disebut berlangsung di Istana Merdeka, Jakarta. Apa yang dibahas? Foto itu diunggah Puan Senin (7/8/2023). Puan dan Jokowi tengah duduk di sebuah meja pertemuan. Dalam keterangan di foto itu, Puan tidak menjelaskan isi pembicaraan dengan Jokowi. Namun, dia menyebut dirinya berbincang santai dengan Jokowi. Momen itu dilakukan usai Puan mendampingi Jokowi saat pertemuan dengan beberapa pimpinan parlemen negara ASEAN. \"Bincang santai dengan Presiden Jokowi @jokowi di Istana Merdeka, setelah mendampingi pertemuan Presiden RI dengan Ketua Majelis Nasional Vietnam, Ketua Majelis Nasional Laos, Ketua Majelis Nasional Kerajaan Thailand, dan Ketua Dewan Rakyat Malaysia,\" ujarnya.  Simak juga 'Niat Puan Silaturahmi Maraton ke Cak Imin dan Airlangga':   ",
  "crawltime": "2023-08-08T06:52:20.179Z",
  "runtime": "35.73 s"
}