{
  "judul": "Sandiaga Uno Bertemu Olly Dondokambey, Bahas Cawapres Ganjar",
  "penulis": "Gibran Maulana - detikNews",
  "waktu": "Selasa, 08 Agu 2023 12:44 WIB",
  "link": "https://news.detik.com/pemilu/d-6864803/sandiaga-uno-bertemu-olly-dondokambey-bahas-cawapres-ganjar",
  "content": "Ketua Badan Pemenangan Pemilu (Bappilu) PPP Sandiaga Uno bertemu Gubernur Sulawesi Utara yang juga menjabat Bendahara Umum PDIP Olly Dondokambey. Apa yang dibahas keduanya? Sandiaga dan Olly bertemu sembari menikmati semangkuk bubur Manado, tinutuan dan ikan nike di salah satu rumah makan di Manado, Sulawesi Utara, Selasa (8/8/2023) .Sandiaga berterima kasih kepada Olly atas pertemuan tersebut. \"Jadi terima kasih Pak, itu bubur Manadonya enak sekali,\" kata Sandiaga dalam keterangan tertulisnya. Ditanyai apakah pertemuan tersebut membahas peluangnya menjadi calon wakil presiden untuk Ganjar Pranowo, Sandiaga Uno tak membantah maupun mengiyakannya. Sandiaga menyebut kunjungannya ke Sulut saat dalam kapasitas sebagai menteri yang juga punya darah Sulawesi Utara. \"Saya ini seseorang yang masih memiliki darah Sulawesi Utara. Ayah saya lahir di Gorontalo di mana dulu masih gabung di Sulawesi Utara,\" katanya. Sandiaga kembali ditanya soal kesiapannya menjadi cawapres Ganjar. Sandiaga memberikan jawaban soal semua pihak bersaudara. \"Kitorang samua basudara,\" kata Sandiaga. \"Jadi dalam membangun Indonesia harus semua bersaudara harus semua saling mendukung karena bangsa ini bangsa yang kuat dari segi keanekaragaman dan masyarakat di Sulut ini sangat rukun. Hal ini berkat kepemimpinan dari Pak Olly. Saya apresiasi betul terhadap hal ini,\" imbuh Sandiaga.",
  "crawltime": "2023-08-08T06:50:45.862Z",
  "runtime": "31.90 s"
}